IOT_ID,Student_ID,Promo,Année,Campus,Latitude,Longitude,Timestamp,Text
22395192,20236189,CSIG,M2,Republique,48.789184466072136,2.363869590077075,1716035103,"Je vais arriver en retard, je suis coincé dans le trafic."
24549945,20224756,DAI,M1,Gorki,48.79024507839408,2.368516476218388,1728388402,"Le séminaire sur les nouvelles technologies a eu un grand succès."
25936656,20232302,CIL,M1,Republique,48.78962901499927,2.3635607816943995,1707032850,"J'ai lu un article intéressant sur les voyages spatiaux. Tu veux que je te l'envoie ?"
28981615,20243205,BIA,M2,Gorki,48.79016803643919,2.3682981467446904,1722488779,"Est-ce que quelqu'un a déjà commencé la rédaction du rapport ?"
22748460,20210483,SRD,M2PRO,Home,48.789600231332905,2.369320326570457,1716817404,"La pelouse me manque."
24485564,20222579,BIA,M2PRO,Gorki,48.79003403353945,2.367914758981324,1725373877,"Je pense que j'ai raté un truc important en séchant le cours."
27758898,20230752,DAI,M2,Republique,48.78883968025621,2.3637500342382443,1719421135,"Tu as déjà essayé le restaurant japonais qui vient d'ouvrir ?"
29824451,20248948,BDML,M2,Home,48.789796583730606,2.3690834992821252,1731689829,"On a prévu une sortie VTT, ça te dit de venir ?"
28353861,20233146,SWI,M1,Republique,48.789725321847136,2.3638827751982032,1717772846,"Qui a des bons plans pour des billets de concert à prix réduit ?"
24105386,20221852,ITF,M2PRO,Home,48.789695685692664,2.3692963368239117,1732802147,"Il paraît que Julie et Marc sortent ensemble, tu savais ?"
25650440,20227764,BIA,M2PRO,Republique,48.79001733471457,2.363705245604703,1728479728,"Tu joues à quel jeu en ce moment ?"
29398420,20247502,BIA,M1,Republique,48.78931539013116,2.363720478271244,1712672739,"4000 balles de plus par an ? Je vais brûler l'Efrei."
21993889,20239475,DAI,M2PRO,Gorki,48.78979211283054,2.367851257160096,1709480075,"Je n'ai pas vu passer l'annonce pour cette conférence."
26907173,20211326,TI,M2,Home,48.78977747432009,2.369274896497131,1706542865,"Qui connaît un bon endroit pour faire du kayak dans le coin ?"
29008435,20246266,BDML,M2PRO,Gorki,48.79037519177573,2.3680480841303666,1727779917,"Le club de cinéma va diffuser une série de films classiques."
22491904,20228593,BDML,M1,Republique,48.789393150020125,2.363541670451233,1729261237,"On a vraiment trop de devoirs en même temps."
21936866,20240493,SWI,M1,Republique,48.78992173212813,2.363748295862477,1729582739,"Le dernier tournoi de football a été remporté par l'équipe des juniors."
28457291,20206138,RS,M2,Home,48.78954641534195,2.369129976951809,1722769251,"On a formé une équipe de basket, tu veux nous rejoindre ?"
21886802,20234721,DAI,M2PRO,Republique,48.789364275841,2.364002759609233,1704873166,"On prévoit un tournoi d'échecs, ça te tente ?"
24627241,20205134,RS,M1,Gorki,48.7902429506558,2.3683850367774077,1724492266,"Je pense que j'ai raté un truc important en séchant le cours."
26947494,20236682,CSIG,M1,Republique,48.788878101555746,2.3634337651580943,1729577876,"On doit vraiment apprendre tous ces algorithmes par cœur ?"
20520894,20223760,BDML,M2PRO,Gorki,48.79035042568696,2.368327233780513,1718028232,"Est-ce que quelqu'un veut aller voir le nouveau film de science-fiction au cinéma ?"
21278724,20207194,CSIG,M1,Republique,48.789463195764924,2.3636928152484504,1710487734,"Je ne trouve pas le livre dont j'ai besoin à la bibliothèque."
29659054,20219284,DAI,M1,Republique,48.790061419065644,2.363758229649715,1710604591,"Je n'ai pas vu passer l'annonce pour cette conférence."
23004815,20217079,LSI,M2,Gorki,48.79017908210422,2.368569211569457,1723794311,"Un élève de L2 s'est fait agresser devant home je crois."
24579357,20215455,CSIG,M1,Gorki,48.789780601466205,2.36855036634264,1729063193,"On cherche une quatrième personne pour le tournoi de tennis de table, ça te dit ?"
24982635,20237973,SRD,M2,Gorki,48.79015453446616,2.3684014557953255,1714496985,"J'aimerais commencer le yoga, tu connais un bon studio ?"
21032004,20240377,RS,M2,Gorki,48.78981525685751,2.368343133718326,1707560920,"J'ai entendu dire que la compétition de programmation de ce mois-ci est annulée."
28849431,20230242,CC,M1,Home,48.78969095158214,2.3691881747635493,1709738355,"J'ai entendu dire que la compétition de programmation de ce mois-ci est annulée."
20667704,20243257,RS,M1,Home,48.78973923866596,2.3693834239576668,1734479757,"J'aimerais apprendre à coder, tu peux m'aider à démarrer ?"
23910021,20211076,LSI,M1,Gorki,48.78997960886228,2.3684215819724264,1716486988,"J'en peux plus des cours de com, ça va que Soma un excellent prof."
22610702,20223839,TI,M2,Gorki,48.78997354489731,2.3679386750876086,1722798193,"4000 balles de plus par an ? Je vais brûler l'Efrei."
26102815,20212295,BDML,M2,Republique,48.789355161523794,2.363959842495788,1704545507,"Qui veut échanger des recettes de smoothies ?"
28703352,20205170,RS,M2PRO,Gorki,48.79015039587397,2.368665661695931,1727979294,"Tu as compris le dernier chapitre de mécanique des fluides ?"
22721173,20239963,DAI,M1,Republique,48.789371042334594,2.36346441192963,1722538249,"Je cherche quelqu'un pour échanger des livres de science-fiction, intéressé ?"
20260246,20234656,LSI,M2PRO,Republique,48.78894734556038,2.363519521631434,1707074991,"Certains étudiants organisent une exposition de photographie le mois prochain."
29312441,20202925,RS,M2,Gorki,48.790084202714624,2.368054655769213,1712145526,"Qui est disponible pour réviser ce soir ?"
22892509,20204126,LSI,M2PRO,Gorki,48.789980022243775,2.367951542456983,1726755169,"J'ai vu une affiche pour un concert de jazz qui a l'air intéressant."
27132033,20208193,SRD,M2,Republique,48.78923022004052,2.3636311010193154,1722057379,"La compétition d'athlétisme de ce weekend a attiré beaucoup de spectateurs."
23309377,20221136,RS,M2,Home,48.78971215602361,2.3693694296848467,1733820448,"Je me suis trompé dans les calculs, je dois tout refaire."
26056030,20242185,LSI,M2PRO,Republique,48.78936093762725,2.363703973148765,1712515306,"Tu as des recommandations pour un bon casque audio ?"
23325609,20244380,CC,M2,Republique,48.78955275165227,2.3639979958747976,1725460367,"Je pense que mon ordinateur va crasher avec tout ces logiciels."
22208188,20205070,CSIG,M2,Home,48.78950203495316,2.369205409154033,1704609392,"La compétition d'athlétisme de ce weekend a attiré beaucoup de spectateurs."
20568158,20229625,LSI,M2,Home,48.78969325185442,2.36929168404239,1730717680,"La bibliothèque a acquis de nouveaux livres sur l'intelligence artificielle."
23432876,20244575,BDML,M2,Home,48.78954163187365,2.3691398707994833,1722416747,"C'est incroyable le nombre de rapports qu'on doit écrire."
20362978,20202115,CSIG,M1,Gorki,48.79000839806313,2.3679975409410847,1713380902,"Qui a des bons plans pour des billets de concert à prix réduit ?"
27767389,20223351,SWI,M2PRO,Republique,48.78882131452,2.363531151623324,1705568568,"On a formé une équipe de basket, tu veux nous rejoindre ?"
24538906,20226030,BIA,M1,Gorki,48.79010640952266,2.3680961096568587,1707243560,"Qui veut venir à l'exposition d'art moderne avec moi ?"
23789236,20223578,ITF,M2,Gorki,48.79010244697177,2.368419009871977,1706274788,"Quelqu'un a un chargeur USB-C ? Le mien est resté à la maison."
23045865,20229294,SWI,M1,Home,48.78974920386914,2.369383840190812,1707370496,"La cantine était fermée, je n'ai pas pu déjeuner."
21426108,20229363,DAI,M1,Gorki,48.79028573551702,2.3682459293944316,1726378708,"Qui a les notes de cours de la dernière séance ?"
26009335,20229016,BIA,M2PRO,Home,48.789566190452625,2.369212121010545,1724399821,"Nina a été élue présidente du club de photographie."
24840193,20223540,CIL,M1,Gorki,48.79016944127265,2.3687083398532933,1725507091,"Est-ce que tu as vu l'exposition de photographie au centre culturel ?"
28103833,20234310,CC,M2,Home,48.78956516182443,2.369206531967346,1720804793,"Il faut que je révise tout le weekend, pas de sortie pour moi."
21201094,20240471,BIA,M2,Home,48.789786926328276,2.369164707716062,1707063460,"Il y a une nouvelle salle de sport qui ouvre près du campus."
26520220,20207647,CIL,M1,Home,48.78974894645709,2.3692360045882777,1735521147,"Tu as pris quel sujet pour le projet de fin d'année ?"
24790003,20202774,BIA,M1,Home,48.789555685722526,2.3692672330288143,1731513981,"L'équipe de natation a battu son propre record lors du dernier match."
25254714,20217399,ITF,M2PRO,Home,48.789551884056834,2.3690981604035715,1719341594,"Est-ce que quelqu'un est partant pour une séance de pilates ?"
27315147,20223616,CSIG,M2PRO,Republique,48.7895963955577,2.3636549390728554,1709448522,"Qui est intéressé par un atelier de cuisine ce mois-ci ?"
21326381,20210020,SWI,M2PRO,Republique,48.789134185947646,2.363966982142647,1713331518,"Le prof pourrait expliquer d'une manière moins compliquée."
22116741,20231528,BIA,M1,Home,48.789557740249364,2.369298586753647,1717101552,"Quelqu'un a un chargeur USB-C ? Le mien est resté à la maison."
25489489,20240600,LSI,M2PRO,Home,48.78979415390813,2.369149059813509,1717584772,"Des étudiants en art ont peint une murale magnifique dans le nouveau bâtiment."
21607523,20243457,DAI,M2PRO,Republique,48.789946411527175,2.3639850795647384,1734770122,"L'exposition annuelle de science et technologie a attiré de nombreux visiteurs externes."
21886962,20240502,BDML,M2PRO,Republique,48.78957859640837,2.3635354466210416,1732707090,"Le club de littérature a annoncé une lecture publique par un auteur célèbre."
21074659,20235138,BIA,M2PRO,Republique,48.78893720910633,2.363589144372341,1706872482,"Le club de cinéma va diffuser une série de films classiques."
22356283,20200112,BDML,M2,Gorki,48.79021632455141,2.3680978774717785,1707742851,"Qui a des bons plans pour des billets de concert à prix réduit ?"
25067934,20218937,CSIG,M2PRO,Republique,48.78919813766321,2.3635927035960522,1708771286,"Le distributeur ne marche plus, adieu mon goûter."
24509008,20209145,SWI,M1,Gorki,48.79031474670393,2.3678938828592337,1717924707,"Est-ce que quelqu'un est partant pour une séance de pilates ?"
27176502,20211625,CSIG,M2PRO,Gorki,48.789825750810024,2.3682283656235037,1735234851,"Beaucoup d'étudiants se plaignent de la lenteur du réseau Wi-Fi de l'école."
21546453,20223269,DE,M2PRO,Home,48.7896716525742,2.369286477827567,1708841438,"Le nouvel assistant est vraiment sympa, il explique bien."
26562641,20235479,SWI,M2PRO,Republique,48.78925674017997,2.363859418958972,1722333744,"La soirée de networking organisée par le département de commerce a été un succès."
25829337,20241563,CIL,M2PRO,Gorki,48.78993486341803,2.3682150455669286,1704464655,"Le wifi ici est vraiment trop lent."
29813590,20203611,DAI,M1,Home,48.78973906027347,2.3692884558289107,1731853388,"On doit vraiment faire une présentation orale pour ça ?"
24115352,20200398,BDML,M2PRO,Gorki,48.78991720425778,2.368235339094487,1724490068,"Le laboratoire de chimie a reçu un nouveau financement pour ses recherches."
25154346,20243998,ITF,M2,Republique,48.789463683934486,2.363483924638476,1705662911,"Qui a des idées pour une soirée à thème original ?"
29797687,20235265,CSIG,M2,Gorki,48.79034951834384,2.3683931864931393,1720985542,"Est-ce que tu as déjà fait du bénévolat ici ? Je cherche où m'impliquer."
20002440,20228065,BIA,M2PRO,Republique,48.789226120371055,2.3636817384258264,1728312446,"J'ai besoin de café pour tenir toute la nuit."
23153033,20213207,DAI,M2PRO,Republique,48.78886600061587,2.364001286025807,1729098953,"Le club de littérature a annoncé une lecture publique par un auteur célèbre."
25075267,20230938,BDML,M2PRO,Home,48.789553937278804,2.3691505103193453,1716579666,"J'ai besoin de café pour tenir toute la nuit."
24873954,20222276,SRD,M2,Republique,48.78953173703613,2.363556970119502,1728904845,"Il semblerait que le nouveau restaurant du coin soit assez décevant."
29801392,20215116,SWI,M1,Gorki,48.79032149350569,2.368176674024102,1731348934,"Il y a des rumeurs sur une possible grève des enseignants le mois prochain."
20463767,20231820,SWI,M1,Gorki,48.78980490684605,2.368601223896098,1725972294,"Qui veut rejoindre notre club de lecture ? On commence un nouveau livre."
25928994,20210763,SRD,M2,Republique,48.789818134033005,2.3639997788605256,1711951588,"Le système d'inscription aux cours est tellement compliqué."
25170428,20229171,TI,M2PRO,Gorki,48.79022011635716,2.368031341357295,1724698127,"Est-ce que tu as entendu parler du concert qui a lieu le mois prochain ?"
20798958,20248972,SWI,M2,Home,48.789526681297936,2.369095609066089,1726676589,"Le jardin botanique du campus est en train d'être agrandi."
25259747,20248462,SRD,M1,Republique,48.789127947816695,2.3637609174456573,1726516473,"On a prévu une sortie VTT, ça te dit de venir ?"
28991719,20202402,SWI,M1,Home,48.789709323369266,2.36920666399044,1722882745,"Je n'ai pas vu passer l'annonce pour cette conférence."
27245858,20229616,ITF,M2PRO,Gorki,48.79014122811671,2.3686676377942217,1721568692,"Certains étudiants organisent une exposition de photographie le mois prochain."
28671457,20214433,RS,M2PRO,Home,48.7897475965384,2.3691419964286298,1725207292,"On doit vraiment apprendre tous ces algorithmes par cœur ?"
21075469,20248397,CSIG,M2,Home,48.7897379464878,2.369250125357501,1718367083,"J'en peux plus des cours de com, ça va que Soma un excellent prof."
26369457,20234750,SWI,M1,Home,48.78980186202648,2.3692448298991016,1725881142,"Est-ce que quelqu'un a testé le nouveau simulateur de vol ?"
28687607,20213114,RS,M1,Home,48.789510225132986,2.3693311723880326,1718634620,"Le dernier numéro du journal étudiant contient un article critique sur la gestion de l'université."
21497514,20225195,SRD,M2PRO,Gorki,48.79030207129266,2.367782548485998,1717743158,"Certains étudiants envisagent de participer à un marathon pour collecter des fonds."
21559860,20247786,CIL,M2PRO,Republique,48.78934966929651,2.36355559524893,1733582157,"On a cours en amphi ou en salle demain ?"
24136992,20225838,SWI,M2,Home,48.78961832177458,2.3693459840893616,1716050497,"Il y a une fuite dans le toit de notre salle, c'est inondé."
21113753,20241025,BIA,M2PRO,Gorki,48.79025872702467,2.368527167348029,1716308435,"Hier, j'ai entendu que le prof de maths va peut-être partir à la retraite l'année prochaine."
25205096,20221179,BIA,M2,Republique,48.78985047853635,2.363861123403376,1718527431,"C'est quand la date limite pour les inscriptions aux modules ?"
23139321,20234212,CC,M2PRO,Republique,48.78997317872856,2.3638925328785017,1704309850,"Est-ce que quelqu'un veut aller voir le nouveau film de science-fiction au cinéma ?"
22347734,20233860,LSI,M1,Home,48.78953301855919,2.369224785726848,1735388996,"Le dernier projet de cours de design a reçu des éloges de plusieurs professeurs."
20046121,20222550,SWI,M1,Gorki,48.78988203948482,2.3678807848336123,1729672949,"Il paraît que Julie et Marc sortent ensemble, tu savais ?"
28209596,20205007,DAI,M2PRO,Republique,48.78894659097372,2.363751445100542,1716260386,"J'ai vu une affiche pour un concert de jazz qui a l'air intéressant."
28996363,20221548,SRD,M2,Gorki,48.78979672250081,2.36824111913432,1722781521,"Est-ce que tu as des recommandations de séries pour apprendre l'espagnol ?"
21746400,20217338,RS,M2PRO,Republique,48.78953492064981,2.363986322184046,1720513986,"Je ne trouve pas le livre dont j'ai besoin à la bibliothèque."
22579863,20228322,LSI,M2PRO,Republique,48.789940207663996,2.363985289375626,1732112348,"On a encore reçu un email pour un nouveau devoir à rendre."
21166697,20224993,BDML,M2PRO,Republique,48.78890955924534,2.363930566967788,1717613906,"Le labo était surbooké, je n'ai pas pu finir mes expériences."
23340974,20215030,CC,M2PRO,Gorki,48.79029932084675,2.3682892115355068,1714664449,"On cherche une quatrième personne pour le tournoi de tennis de table, ça te dit ?"
23387744,20232607,SWI,M1,Republique,48.7888909119467,2.363479048534168,1712570768,"Il y a une fuite dans le toit de notre salle, c'est inondé."
27966869,20244363,BDML,M2PRO,Home,48.78977165123646,2.3693738355470786,1711194914,"La pelouse me manque."
21894664,20215481,CSIG,M1,Home,48.78975936248735,2.369194582569502,1710501378,"Tu as pris quel sujet pour le projet de fin d'année ?"
27711504,20240806,RS,M2PRO,Gorki,48.79031678968157,2.3681250933859697,1717941309,"Qui a des idées pour une soirée à thème original ?"
25383589,20208994,CSIG,M2PRO,Gorki,48.789799600454096,2.368024925706749,1717565406,"Sophie et Pierre ont collaboré sur un projet de recherche qui semble prometteur."
20390625,20213723,SWI,M2,Republique,48.789791236367314,2.363750125570697,1714040109,"J'ai besoin de café pour tenir toute la nuit."
27773052,20235311,RS,M2PRO,Home,48.78957267458872,2.369314241288779,1722588658,"Est-ce que quelqu'un veut aller voir le nouveau film de science-fiction au cinéma ?"
29165134,20200494,LSI,M1,Republique,48.78891435549449,2.363980094685254,1707569766,"Louis travaille sur un projet de start-up, il cherche des collaborateurs."
21678416,20202804,CSIG,M2PRO,Gorki,48.78976620368601,2.367845604730615,1724348757,"Tu sais si la bibliothèque est ouverte ce weekend ?"
29272858,20213970,CSIG,M1,Republique,48.789794651218195,2.363653360847425,1719325804,"On a encore reçu un email pour un nouveau devoir à rendre."
29352805,20229765,DE,M2,Home,48.78954304040295,2.3692777780799865,1713365668,"Le séminaire sur les nouvelles technologies a eu un grand succès."
21483273,20220667,CC,M2,Gorki,48.790139372081626,2.368174392603755,1720712935,"Il faut que je révise tout le weekend, pas de sortie pour moi."
27156479,20238949,TI,M2PRO,Republique,48.79003547223101,2.363555726349822,1719518125,"Qui a des idées pour une soirée à thème original ?"
21180512,20227999,DAI,M1,Gorki,48.79022670803522,2.3683443747136446,1722884580,"La soirée de networking organisée par le département de commerce a été un succès."
25041763,20211944,DE,M2,Home,48.789691010546115,2.369145535894352,1704876881,"Les profs de l'Efrei sont vraiment moins bons que d'habitude."
29005793,20217648,DE,M1,Home,48.78978574749803,2.36926470283235,1707647333,"Un élève de L2 s'est fait agresser devant home je crois."
23580724,20230773,SWI,M2PRO,Republique,48.788877581281305,2.3634844031782767,1720968825,"Qui est intéressé par un atelier de cuisine ce mois-ci ?"
22402451,20229230,LSI,M2PRO,Gorki,48.790027004575975,2.3677966183616963,1719498042,"Le laboratoire de chimie a reçu un nouveau financement pour ses recherches."
22577131,20231062,ITF,M1,Home,48.789765139990145,2.369189597856273,1709409891,"4000 balles de plus par an ? Je vais brûler l'Efrei."
24516843,20204743,LSI,M2PRO,Home,48.789582058153556,2.3692507578994624,1721801569,"J'ai entendu dire que la compétition de programmation de ce mois-ci est annulée."
22005090,20215808,DAI,M1,Gorki,48.79038655162746,2.3678575267503232,1733069893,"Alex a développé une nouvelle application pour aider les étudiants à organiser leurs horaires."
20010685,20243757,BDML,M2,Home,48.789692499305886,2.369106358661858,1725008719,"C'est incroyable le nombre de rapports qu'on doit écrire."
20253452,20209386,BDML,M1,Republique,48.78921131574154,2.3635214271113765,1714758915,"Je ne trouve pas le livre dont j'ai besoin à la bibliothèque."
23293949,20244947,DAI,M2PRO,Home,48.78965110674578,2.369330469217276,1708324754,"Est-ce que quelqu'un veut aller voir le nouveau film de science-fiction au cinéma ?"
27430622,20233429,BIA,M1,Gorki,48.7903750428811,2.3684162658732046,1715104269,"Je me suis trompé dans les calculs, je dois tout refaire."
26853022,20219181,CC,M2,Home,48.789733185693706,2.369358545300822,1724924844,"Le prof principal est absent, cours annulé aujourd'hui."
28174412,20227176,TI,M2PRO,Gorki,48.78975539233637,2.3685279803545605,1715937823,"Le dernier projet de cours de design a reçu des éloges de plusieurs professeurs."
24050581,20200369,SRD,M2,Gorki,48.789782770591636,2.368707759687682,1717325483,"Tu sais où je pourrais vendre mon ancien appareil photo ?"
26750025,20216037,CSIG,M1,Home,48.78963168689628,2.3691348162065378,1724586173,"Qui a les notes de cours de la dernière séance ?"
28895190,20205328,BIA,M1,Republique,48.789120708787024,2.3639277752665238,1716032977,"Tu as vu le dernier épisode de la série hier ?"
28439626,20217408,CIL,M2PRO,Home,48.78961388304421,2.369352639266872,1721477719,"J'ai entendu dire que la compétition de programmation de ce mois-ci est annulée."
21097300,20220992,TI,M2PRO,Home,48.789592822148066,2.369292349235542,1709897816,"Sarah a fait une présentation incroyable en cours de marketing, tout le monde en parle."
25801795,20223646,TI,M2PRO,Republique,48.78968238690533,2.363599067559976,1716533093,"Tu as déjà essayé le restaurant japonais qui vient d'ouvrir ?"
20676740,20205093,SRD,M1,Gorki,48.790265096583504,2.3684317813338946,1732305146,"Je ne trouve pas le livre dont j'ai besoin à la bibliothèque."
25993639,20226050,DAI,M2PRO,Gorki,48.79011491689284,2.3680446067056056,1730020815,"Hier, j'ai entendu que le prof de maths va peut-être partir à la retraite l'année prochaine."
20372954,20214178,CIL,M2,Gorki,48.79024743481793,2.3678857602976806,1716061042,"Je n'ai pas fini le devoir de thermodynamique, et toi ?"
20642667,20215073,BDML,M2PRO,Republique,48.7896956097562,2.3636976526097335,1705740965,"J'aimerais commencer le yoga, tu connais un bon studio ?"
20057673,20247948,LSI,M1,Republique,48.7891239682814,2.3638031235485872,1726300987,"Est-ce que quelqu'un est intéressé par un échange linguistique ?"
26846723,20202351,TI,M2,Gorki,48.789963741865456,2.3683112479019934,1717586544,"Tu as des recommandations de bons podcasts à écouter en allant en cours ?"
28950342,20200790,TI,M2PRO,Gorki,48.78979488529325,2.3678991653714285,1714749075,"La compétition d'athlétisme de ce weekend a attiré beaucoup de spectateurs."
28011106,20240031,RS,M1,Republique,48.79007167403635,2.363535829897152,1719496138,"On devrait former un groupe d'étude pour les maths."
27385029,20215173,TI,M2PRO,Gorki,48.79006420496721,2.3678886603727354,1722505869,"Si ce chapitre tombe au DE je quitte l'Efrei."
25944573,20241797,LSI,M2,Gorki,48.78977907921898,2.3681998581456365,1713029304,"Tu as des conseils pour débuter en photographie ?"
28831033,20209532,LSI,M2PRO,Gorki,48.7903805922091,2.368024620056878,1721022805,"Le wifi ici est vraiment trop lent."
22792519,20219430,DE,M2,Home,48.78977247249613,2.3693732971496346,1731514815,"Qui veut rejoindre notre club de lecture ? On commence un nouveau livre."
21464983,20237888,TI,M1,Gorki,48.79028281334338,2.3681796933626162,1728144494,"Nina a été élue présidente du club de photographie."
29196342,20236470,SRD,M2,Republique,48.78890542995325,2.363931071247605,1706271829,"Le dernier tournoi de football a été remporté par l'équipe des juniors."
25094738,20227732,BDML,M2,Gorki,48.79035728002278,2.3680200502424986,1734256606,"J'ai vu une affiche pour un concert de jazz qui a l'air intéressant."
22289980,20245656,CIL,M2,Republique,48.79004225782597,2.3634611770962484,1725289519,"Le chauffage était en panne, on a gelé en cours."
22471264,20215053,CC,M2,Republique,48.78942191532303,2.3640253611559694,1709831112,"Le dernier projet de cours de design a reçu des éloges de plusieurs professeurs."
22438989,20208881,CC,M2PRO,Home,48.789617163130245,2.369341408284979,1727953882,"Qui a les notes de cours de la dernière séance ?"
26083123,20238447,DE,M2PRO,Gorki,48.79016296697822,2.3685010935393653,1731512424,"Est-ce que tu as déjà fait du bénévolat ici ? Je cherche où m'impliquer."
29882206,20219156,DE,M2PRO,Gorki,48.79023720747048,2.367819805122638,1718604432,"Tu utilises quel logiciel pour les schémas ?"
24240831,20218733,CIL,M2,Gorki,48.789958314210665,2.3680798671695027,1710525590,"Je ne trouve pas de stages, tous demandent de l'expérience."
24887011,20203206,LSI,M2PRO,Home,48.78959987843397,2.3691530480822025,1732977107,"Certains étudiants envisagent de participer à un marathon pour collecter des fonds."
22774649,20226587,LSI,M2PRO,Republique,48.78998445840815,2.3635523369398332,1717231258,"Tu as pris quel sujet pour le projet de fin d'année ?"
23101520,20242426,TI,M1,Home,48.789725993669016,2.369116896744221,1713181373,"Les profs de l'Efrei sont vraiment moins bons que d'habitude."
20858709,20237566,CC,M2,Home,48.78979374118962,2.369126729425595,1706184600,"Tu connais un bon endroit pour observer les étoiles ?"
21773208,20228245,ITF,M2,Gorki,48.79024562946942,2.3677526953729515,1733821928,"Tu as une méthode plus simple pour résoudre cette équation ?"
25095751,20208794,RS,M1,Republique,48.790007026446965,2.3634706351894654,1704741680,"Tu joues à quel jeu en ce moment ?"
23550000,20214778,ITF,M2,Gorki,48.79006950690301,2.3684894796357088,1717874966,"Le prof a encore ajouté des slides à la dernière minute."
20179138,20207506,SWI,M2PRO,Home,48.78979371141641,2.3692431675697176,1730390222,"Le professeur d'informatique a mentionné qu'il pourrait y avoir un cours supplémentaire sur la sécurité."
21474827,20224126,SWI,M1,Home,48.789633457299836,2.3691752340747887,1717264917,"Le dernier film de science-fiction que nous avons vu ensemble était impressionnant."
22717371,20215035,SRD,M2PRO,Republique,48.789535625727105,2.363589953281041,1735133666,"Le jardin botanique du campus est en train d'être agrandi."
23686558,20233556,CC,M2PRO,Republique,48.78912657822926,2.3634185127401235,1713939619,"L'équipe de natation a battu son propre record lors du dernier match."
21766693,20212520,RS,M2PRO,Republique,48.78932508834465,2.3637890308863665,1714811377,"Qui connaît un bon endroit pour faire du kayak dans le coin ?"
22026973,20247089,DE,M1,Home,48.78963423980755,2.3692401294435683,1726487506,"L'Efrei c'est une école d'hypocrites."
20009845,20226654,CC,M1,Gorki,48.78978098493564,2.368581221982259,1722104729,"Le dernier projet de cours de design a reçu des éloges de plusieurs professeurs."
22935868,20231673,BDML,M2,Republique,48.78945503669602,2.363708141831733,1729107201,"J'ai besoin de café pour tenir toute la nuit."
21577503,20224448,CC,M2PRO,Gorki,48.79017183723,2.368091740176397,1719085795,"Le distributeur ne marche plus, adieu mon goûter."
29474222,20225183,SRD,M1,Gorki,48.78986261766011,2.3683884979590104,1731152052,"Alex a développé une nouvelle application pour aider les étudiants à organiser leurs horaires."
28064918,20233443,BIA,M2,Gorki,48.790303013468105,2.368650755567073,1725709415,"J'ai acheté le dernier album de ce groupe dont tout le monde parle."
28348072,20203351,SRD,M1,Home,48.789519162446965,2.369384251949832,1731776286,"C'est incroyable le nombre de rapports qu'on doit écrire."
28674896,20211882,CSIG,M2,Gorki,48.78999600859728,2.3683250205257593,1735126553,"Il y a une nouvelle salle de sport qui ouvre près du campus."
28060445,20204998,CSIG,M2PRO,Home,48.78961957856251,2.369084443601931,1711099033,"Le professeur d'informatique a mentionné qu'il pourrait y avoir un cours supplémentaire sur la sécurité."
23523262,20245274,DE,M2PRO,Republique,48.789987978846604,2.3639568632062087,1711992462,"Il y a une nouvelle salle de sport qui ouvre près du campus."
24449538,20249840,SWI,M1,Home,48.789558569419626,2.3691564440323853,1729596464,"On pourrait faire une collecte de fonds pour l'association des étudiants, des idées ?"
21201495,20239142,TI,M1,Republique,48.789857583459884,2.363643210631136,1708609708,"J'ai trouvé un parcours de frisbee golf, intéressé pour essayer ?"
24904011,20213656,BIA,M2,Gorki,48.79007607360301,2.3686843691846655,1725361299,"Le wifi ici est vraiment trop lent."
21756557,20225587,BIA,M2,Gorki,48.79035169212425,2.368540653293816,1713525572,"L'équipe de natation a battu son propre record lors du dernier match."
27513579,20213331,SRD,M2PRO,Gorki,48.789826698167495,2.3685952660185534,1714477982,"Qui fait de la randonnée ce weekend ? J'aimerais me joindre."
21738581,20215092,CIL,M2,Gorki,48.789955005669285,2.368229783820808,1733123719,"Ah, la belle époque ou on pouvait pleurer sur la pelouse."
26380375,20247364,BIA,M2,Republique,48.78910690367749,2.3635319161985255,1704790625,"Je pense que j'ai raté un truc important en séchant le cours."
29436834,20243902,SWI,M1,Republique,48.78891436028725,2.3635356297571124,1733899947,"On dit que le chef de département prendra sa retraite à la fin de l'année académique."
21800195,20249088,BIA,M2PRO,Republique,48.78974335776655,2.3638225384803517,1707483616,"Le prof principal est absent, cours annulé aujourd'hui."
29667177,20217589,LSI,M1,Republique,48.78893288372136,2.3636284142198867,1707324402,"Le service de restauration va introduire plus d'options végétariennes après les vacances."
29120866,20226170,SWI,M2PRO,Home,48.78961551292443,2.369382799298387,1709206934,"J'ai besoin de café pour tenir toute la nuit."
26493086,20217484,CIL,M1,Republique,48.78993582921685,2.3639255652811575,1720270390,"Tu as des astuces pour mieux gérer le stress ?"
25052265,20215655,LSI,M1,Republique,48.78949680337159,2.3634644651541734,1709415420,"La cantine était fermée, je n'ai pas pu déjeuner."
27106674,20232893,SWI,M2,Gorki,48.79035925963909,2.368178447135779,1727932938,"Le dernier tournoi de football a été remporté par l'équipe des juniors."
23568651,20240077,LSI,M2PRO,Republique,48.78994255981155,2.363675603087691,1716814024,"Ah, la belle époque ou on pouvait pleurer sur la pelouse."
23688667,20213234,SRD,M2,Gorki,48.78978309075481,2.3685640694127192,1720204187,"Certains étudiants envisagent de participer à un marathon pour collecter des fonds."
23548181,20221980,BDML,M1,Republique,48.79006087935032,2.3636436113146915,1734524913,"Le projet est intéressant mais le délai est trop court."
22285322,20237211,SWI,M2,Republique,48.789185413909024,2.363954924957342,1730212946,"Il faut absolument que je trouve un groupe pour le projet."